{
  "total_users": 580,
  "processed_users": 120,
  "influencers_count": 120,
  "posts_count": 1187,
  "start_time": 1746656325.8123045,
  "current_time": 1746657310.5718057,
  "elapsed_seconds": 984.7595012187958,
  "timestamp": "2025-05-08T07:35:10.571805"
}